[{"model": "shopapp.customuser", "pk": 1, "fields": {"password": "pbkdf2_sha256$720000$nazdxgC6V8m7QAfkefP7RL$lQyI3JFIQdPJrOd4zHSVwdq0/6Fn5Kg3ROTv0nWRX5c=", "last_login": "2024-05-12T18:03:48.630Z", "is_superuser": true, "email": "deobackstep@gmail.com", "first_name": "", "last_name": "", "is_staff": true, "is_active": true, "date_joined": "2024-04-04T04:41:36.014Z", "groups": [], "user_permissions": [], "favourites": [1, 2]}}, {"model": "shopapp.customuser", "pk": 2, "fields": {"password": "pbkdf2_sha256$720000$KpZifGObiM0dpP7jebE8N4$9QKNS8l+Tq8qvgejWalXy34IY07uEsUBthIUxbpqB9g=", "last_login": "2024-04-25T21:24:35.946Z", "is_superuser": false, "email": "uib@uib.kz", "first_name": "", "last_name": "", "is_staff": false, "is_active": true, "date_joined": "2024-04-25T17:11:46.320Z", "groups": [], "user_permissions": [], "favourites": []}}, {"model": "shopapp.customuser", "pk": 3, "fields": {"password": "pbkdf2_sha256$720000$UKtR0OXmTPehvLvwIGpeMo$/JzxJ9wkX8GBjzvyf7eqMk+p3SwF5LvK/PYep8qDiVo=", "last_login": "2024-04-26T00:19:26.308Z", "is_superuser": false, "email": "akonb1122@gmail.com", "first_name": "", "last_name": "", "is_staff": false, "is_active": true, "date_joined": "2024-04-25T17:11:46.320Z", "groups": [], "user_permissions": [], "favourites": [11, 14, 20]}}, {"model": "shopapp.customuser", "pk": 4, "fields": {"password": "pbkdf2_sha256$720000$o0G1j3M7a2nAJPSjI8foP7$Lld3Vph++JuHe4NRY7SSZraEVFe/Cwcg0l+9+wAWsbc=", "last_login": "2024-04-30T16:38:26.898Z", "is_superuser": true, "email": "nurdi@uib.kz", "first_name": "═єЁфш Ё", "last_name": "═єЁфш Ё", "is_staff": true, "is_active": true, "date_joined": "2024-04-26T04:45:38Z", "groups": [], "user_permissions": [], "favourites": [1]}}, {"model": "shopapp.customuser", "pk": 5, "fields": {"password": "pbkdf2_sha256$720000$opWKhfVByHalQHurHaxVaE$3DXRaUr+pof2n3ZUiSg5Krj9oheSvhX8Q5qE0dw9AEU=", "last_login": "2024-04-28T14:57:01.148Z", "is_superuser": false, "email": "akhmarzhan03@outlook.com", "first_name": "", "last_name": "", "is_staff": false, "is_active": true, "date_joined": "2024-04-28T11:56:22.754Z", "groups": [], "user_permissions": [], "favourites": []}}, {"model": "shopapp.customuser", "pk": 6, "fields": {"password": "pbkdf2_sha256$720000$xvaaRpM0tMZrnk6gTgKilA$TnkviE70QmZpDcg9QucEmQlox0LDxuTZhlRuOtc/T9E=", "last_login": "2024-04-30T06:08:40.142Z", "is_superuser": false, "email": "akhi@haram.kz", "first_name": "", "last_name": "", "is_staff": false, "is_active": true, "date_joined": "2024-04-29T16:43:09.401Z", "groups": [], "user_permissions": [], "favourites": []}}, {"model": "shopapp.customuser", "pk": 7, "fields": {"password": "pbkdf2_sha256$720000$6bhtAe3BxYiSEnZDBjlHoS$xGlEXisYHsdm0In+WGMKt8sbKzHQNysshISbh4Lc11c=", "last_login": "2024-04-30T09:13:01.199Z", "is_superuser": false, "email": "efwafwa@maff.ru", "first_name": "", "last_name": "", "is_staff": false, "is_active": true, "date_joined": "2024-04-29T16:43:09.401Z", "groups": [], "user_permissions": [], "favourites": [2]}}, {"model": "shopapp.gender", "pk": 1, "fields": {"name": "Men"}}, {"model": "shopapp.gender", "pk": 2, "fields": {"name": "Women"}}, {"model": "shopapp.gender", "pk": 3, "fields": {"name": "Kid"}}, {"model": "shopapp.gender", "pk": 4, "fields": {"name": "Accessory"}}, {"model": "shopapp.category", "pk": 1, "fields": {"name": "Pants"}}, {"model": "shopapp.category", "pk": 2, "fields": {"name": "Polo"}}, {"model": "shopapp.category", "pk": 3, "fields": {"name": "Shirt"}}, {"model": "shopapp.category", "pk": 4, "fields": {"name": "Sweatshirt"}}, {"model": "shopapp.category", "pk": 5, "fields": {"name": "Overshirt"}}, {"model": "shopapp.category", "pk": 6, "fields": {"name": "Shorts"}}, {"model": "shopapp.category", "pk": 7, "fields": {"name": "Jeans"}}, {"model": "shopapp.category", "pk": 8, "fields": {"name": "T-Shirt"}}, {"model": "shopapp.category", "pk": 9, "fields": {"name": "Blouse"}}, {"model": "shopapp.category", "pk": 10, "fields": {"name": "Jacket"}}, {"model": "shopapp.category", "pk": 11, "fields": {"name": "Dress"}}, {"model": "shopapp.category", "pk": 12, "fields": {"name": "Hoodie"}}, {"model": "shopapp.category", "pk": 13, "fields": {"name": "Watch"}}, {"model": "shopapp.category", "pk": 14, "fields": {"name": "Necklace"}}, {"model": "shopapp.category", "pk": 15, "fields": {"name": "Earrings"}}, {"model": "shopapp.category", "pk": 16, "fields": {"name": "Belt"}}, {"model": "shopapp.category", "pk": 17, "fields": {"name": "Bracelet"}}, {"model": "shopapp.category", "pk": 18, "fields": {"name": "Sunglasses"}}, {"model": "shopapp.category", "pk": 19, "fields": {"name": "Ring"}}, {"model": "shopapp.category", "pk": 20, "fields": {"name": "Bag"}}, {"model": "shopapp.brand", "pk": 1, "fields": {"name": "Zanella"}}, {"model": "shopapp.brand", "pk": 2, "fields": {"name": "Burberry"}}, {"model": "shopapp.brand", "pk": 3, "fields": {"name": "Brunello Cucinelli"}}, {"model": "shopapp.brand", "pk": 4, "fields": {"name": "Vince"}}, {"model": "shopapp.brand", "pk": 5, "fields": {"name": "Orlebar Brown"}}, {"model": "shopapp.brand", "pk": 6, "fields": {"name": "Lacoste"}}, {"model": "shopapp.brand", "pk": 7, "fields": {"name": "Rodd & Gunn"}}, {"model": "shopapp.brand", "pk": 8, "fields": {"name": "Nomad 1942"}}, {"model": "shopapp.brand", "pk": 9, "fields": {"name": "Purple"}}, {"model": "shopapp.brand", "pk": 10, "fields": {"name": "Eleventy"}}, {"model": "shopapp.brand", "pk": 11, "fields": {"name": "Derek Lam 10 Crosby"}}, {"model": "shopapp.brand", "pk": 12, "fields": {"name": "Carolina Herrera"}}, {"model": "shopapp.brand", "pk": 13, "fields": {"name": "Emporio Armani"}}, {"model": "shopapp.brand", "pk": 14, "fields": {"name": "Rag & Bone"}}, {"model": "shopapp.brand", "pk": 15, "fields": {"name": "MOTHER"}}, {"model": "shopapp.brand", "pk": 16, "fields": {"name": "Balmain"}}, {"model": "shopapp.brand", "pk": 17, "fields": {"name": "Gabriela Hearst"}}, {"model": "shopapp.brand", "pk": 18, "fields": {"name": "Eileen Fisher"}}, {"model": "shopapp.brand", "pk": 19, "fields": {"name": "Stella McCartney"}}, {"model": "shopapp.brand", "pk": 20, "fields": {"name": "Un Deux Trois"}}, {"model": "shopapp.brand", "pk": 21, "fields": {"name": "Fendi"}}, {"model": "shopapp.brand", "pk": 22, "fields": {"name": "Amiri"}}, {"model": "shopapp.brand", "pk": 23, "fields": {"name": "Givenchy"}}, {"model": "shopapp.brand", "pk": 24, "fields": {"name": "Ralph Lauren"}}, {"model": "shopapp.brand", "pk": 25, "fields": {"name": "Icecream"}}, {"model": "shopapp.brand", "pk": 26, "fields": {"name": "Billionaire Boys Club"}}, {"model": "shopapp.brand", "pk": 27, "fields": {"name": "Michele"}}, {"model": "shopapp.brand", "pk": 28, "fields": {"name": "Ippolita"}}, {"model": "shopapp.brand", "pk": 29, "fields": {"name": "Neiman Marcus Lab Grown Diamonds"}}, {"model": "shopapp.brand", "pk": 30, "fields": {"name": "Saint Laurent"}}, {"model": "shopapp.brand", "pk": 31, "fields": {"name": "Sydney Evan"}}, {"model": "shopapp.brand", "pk": 32, "fields": {"name": "Roberto Coin"}}, {"model": "shopapp.brand", "pk": 33, "fields": {"name": "NEST Jewelry"}}, {"model": "shopapp.product", "pk": 1, "fields": {"name": "Men's Parker New Basic Wool Pants", "description": "Zanella \"Parker\" pants in a solid, subtle twill with natural stretch\r\nSignature stretch waistband\r\nFull length\r\nSide slip pockets\r\nBack welt pockets\r\nStraight legs\r\nButton tab/zip fly; belt loops\r\nWool\r\nDry clean\r\nMade in Italy", "thumb": "thumbs/nm_4094097_100147_m.webp", "brand": 1, "category": 1, "gender": 1, "price": 536, "order_counter": 0, "images": [1, 2, 3, 4]}}, {"model": "shopapp.product", "pk": 2, "fields": {"name": "Men's Eddie TB Polo Shirt", "description": "Burberry \"Eddie\" heathered polo shirt\r\nSpread collar; three-button placket\r\nEmbroidered TB logo at chest\r\nCuffed short sleeves\r\nPullover style\r\nCotton\r\nImported\r\nModel is 6'1\"/185cm.", "thumb": "thumbs/1.webp", "brand": 2, "category": 2, "gender": 1, "price": 540, "order_counter": 0, "images": [5, 6, 7, 8]}}, {"model": "shopapp.product", "pk": 3, "fields": {"name": "Men's Cotton-Silk Long-Sleeve Polo Shirt", "description": "Brunello Cucinelli polo shirt crafted from a luxurious blend of cotton and silk\r\nSpread collar\r\nFour-button placket\r\nGenuine mother-of-pearl buttons\r\nLong sleeves\r\nRound barrel cuffs\r\nStraight hem\r\nPullover style\r\nCotton/silk\r\nUnlined\r\nDry clean, machine wash cold, machine wash line dry\r\nMade in Italy", "thumb": "thumbs/1_sFSdz4D.webp", "brand": 3, "category": 2, "gender": 1, "price": 540, "order_counter": 0, "images": [9, 10, 11, 12]}}, {"model": "shopapp.product", "pk": 4, "fields": {"name": "Men's Linen Henley Shirt", "description": "Vince solid henley shirt \r\nRound neckline; four-button placket\r\nLong sleeves\r\nClassic fit\r\nPullover style\r\nLinen\r\nHand wash or dry clean\r\nImported", "thumb": "thumbs/1_yVzG0zv.webp", "brand": 4, "category": 3, "gender": 1, "price": 340, "order_counter": 0, "images": [13, 14, 15, 16]}}, {"model": "shopapp.product", "pk": 5, "fields": {"name": "Men's Tonal Textured Stripe Polo Shirt", "description": "Brunello Cucinelli polo shirt in textured stripes\r\nSpread collar; half-button placket\r\nMother-of-pearl buttons\r\nLong sleeves\r\nStraight hemline\r\nPullover style\r\nCotton/silk/cotton\r\nMade in Italy", "thumb": "thumbs/1_T9ZJjVc.webp", "brand": 3, "category": 2, "gender": 1, "price": 340, "order_counter": 0, "images": [17, 18, 19, 20]}}, {"model": "shopapp.product", "pk": 6, "fields": {"name": "Men's Terry Towelling Polo Shirt", "description": "Orlebar Brown polo shirt in soft, absorbent terry towelling fabric\r\nOpen collar\r\nPatch pocket\r\nShort sleeves\r\nPullover style\r\nOrganic cotton\r\nMade in Portugal", "thumb": "thumbs/1_rU7kpEq.webp", "brand": 5, "category": 2, "gender": 1, "price": 240, "order_counter": 0, "images": [21, 22, 23, 24]}}, {"model": "shopapp.product", "pk": 7, "fields": {"name": "Men's Organic Brushed Cotton", "description": "Lacoste sweatshirt crafted from brushed organic cotton fleece fabric\r\nRibbed crew neckline\r\nEmbroidered crocodile logo at chest\r\nLong sleeves\r\nRibbed cuffs and hem\r\nPullover style\r\nRegular fit\r\nCotton/polyester\r\nMade in Mexico", "thumb": "thumbs/1_AdInNHb.webp", "brand": 6, "category": 4, "gender": 1, "price": 340, "order_counter": 0, "images": [25, 26, 27, 28]}}, {"model": "shopapp.product", "pk": 8, "fields": {"name": "Men's Halfmoon Ave Check Overshirt", "description": "Rodd & Gunn \"Halfmoon Ave\" overshirt crafted from soft cotton twill featuring a bold check pattern\r\nDurable felled stitched seams for added strength\r\nPoint collar \r\nButton placket; branded buttons\r\nFunctional chest patch pocket\r\nLong sleeves\r\nSingle-button cuffs\r\nBack yoke with hanger loop\r\nVented sides\r\nStraight hem\r\nClassic fit\r\nPre-washed for softness \r\nCotton\r\nUnlined\r\nMachine wash\r\nImported", "thumb": "thumbs/1_lSdro3j.webp", "brand": 7, "category": 5, "gender": 1, "price": 240, "order_counter": 0, "images": [29, 30, 31]}}, {"model": "shopapp.product", "pk": 9, "fields": {"name": "Men's Essex Cashmere Shorts", "description": "Nomad 1942 \"Essex\" shorts in ultra-soft fine-gauge knit fabric\r\nElasticized drawstring waistband\r\nRegular rise; flat front\r\nSide slip pockets\r\nBack patch pocket\r\nPull-on style\r\nAbove-the-knee length\r\nClassic fit\r\nCashmere\r\nUnlined\r\nImported", "thumb": "thumbs/1_8PP23bZ.webp", "brand": 8, "category": 6, "gender": 1, "price": 240, "order_counter": 0, "images": [32, 33, 34, 35]}}, {"model": "shopapp.product", "pk": 10, "fields": {"name": "Men's P001 Black Resin Skinny Jeans", "description": "This elevated denim is designed with a light resin coating and 3D wrinkle treatment for a modern and sleek feel. This item features bar-tack stitching, hidden rivets, a chambray lining, and darts at the side seams and back pocket for a more comfortable and enhanced fit.\r\nPURPLE jeans in coated denim.\r\nApprox. measurements: 10.25\" rise, 32\" inseam, 13.5\" leg opening, based on a size 32.\r\nLow rise, sits at the hip.\r\nFive-pocket style.\r\nSlim fit through skinny legs.\r\nAnkle length. \r\nButton/zip fly; belt loops.\r\nCotton/Lycraо spandex.\r\nMachine wash.\r\nImported.", "thumb": "thumbs/1_27Lg3X0.webp", "brand": 9, "category": 7, "gender": 1, "price": 240, "order_counter": 0, "images": [36, 37, 38, 39]}}, {"model": "shopapp.product", "pk": 11, "fields": {"name": "Crewneck Cotton T-Shirt", "description": "Eleventy t-shirt in cotton with contrast ribbed rim\r\nCrew neckline\r\nShort sleeves\r\nRelaxed fit\r\nPullover style\r\nCotton\r\nMachine wash cold\r\nMade in Italy", "thumb": "thumbs/1_DjD0kHv.webp", "brand": 10, "category": 8, "gender": 2, "price": 540, "order_counter": 0, "images": [40, 41, 42, 43]}}, {"model": "shopapp.product", "pk": 12, "fields": {"name": "Megan Long-Sleeve Button-Front Lace", "description": "Derek Lam 10 Crosby \"Megan\" blouse in a semi-sheer lace construction \r\nApprox. 28\"L from shoulder to hem\r\nSpread collar; hidden front placket\r\nLong sleeves; button cuffs\r\nYoked back\r\nHip length\r\nRelaxed fit \r\nCotton\r\nDry clean\r\nImported", "thumb": "thumbs/1_e806pPw.webp", "brand": 11, "category": 9, "gender": 2, "price": 540, "order_counter": 0, "images": [44, 45, 46]}}, {"model": "shopapp.product", "pk": 13, "fields": {"name": "Toile-Print Fitted Classic Shirt", "description": "Carolina Herrera classic shirt fetauring a toile print\r\nPoint collar; button front\r\n3/4 sleeves; button cuffs\r\nSlim fit\r\nCotton/elastane\r\nDry clean\r\nMade in Italy", "thumb": "thumbs/1_rdBrsg7.webp", "brand": 12, "category": 3, "gender": 2, "price": 540, "order_counter": 0, "images": [47, 48, 49, 50]}}, {"model": "shopapp.product", "pk": 14, "fields": {"name": "Ruched Bateau-Neck Jersey Chiffon Blouse", "description": "Emporio Armani ruched blouse in jersey chiffon\r\nBateau neckline\r\nLong sleeves\r\nRelaxed fit\r\nPullover style\r\nViscose/polyester\r\nDry clean\r\nImported", "thumb": "thumbs/1_GWAgPkc.webp", "brand": 13, "category": 9, "gender": 2, "price": 440, "order_counter": 0, "images": [51, 52, 53, 54]}}, {"model": "shopapp.product", "pk": 15, "fields": {"name": "Dre Low-Rise Slim Boyfriend Ankle Jeans", "description": "Rag & Bone \"Dre\" jeans in medium-wash denim.\r\nApprox. 8.5\" rise; 27\" inseam; 12.5\" leg opening.\r\nLow rise.\r\nFive-pocket style.\r\nSlim, straight legs.\r\nCropped above ankles.\r\nButton/zip fly; belt loops.\r\nCotton.\r\nMachine wash.\r\nMade in Mexico.", "thumb": "thumbs/1_lnzDTqU.webp", "brand": 14, "category": 7, "gender": 2, "price": 240, "order_counter": 0, "images": [55, 56, 57, 58]}}, {"model": "shopapp.product", "pk": 16, "fields": {"name": "The Hustler Ankle Fray Jeans", "description": "MOTHER \"The Hustler\" jeans in stretch denim.\r\nApprox. 11\" rise; 27.5\" inseam; 17\" leg opening.\r\nFive-pocket style; signature \"M\" stitching on back.\r\nHigh-rise; belt loops.\r\nFitted through the hip and thigh\r\nCropped above ankles.\r\nFrayed raw-edge hem.\r\nButton/zip fly.\r\nCotton/polyester/spandex.\r\nMachine wash.\r\nMade in USA from imported material.", "thumb": "thumbs/1_EhjKArS.webp", "brand": 15, "category": 7, "gender": 2, "price": 240, "order_counter": 0, "images": [59, 60, 61, 62]}}, {"model": "shopapp.product", "pk": 17, "fields": {"name": "Two-Button Fitted Blazer Jacket", "description": "Balmain fitted blazer jacket features gold-tone button details \r\nPeak lapel collar \r\nTwo-button front \r\nLong sleeves; button cuffs \r\nFront welt pockets\r\nBack vent \r\nMid-length \r\nTailored silhouette \r\nDo not wash, do not bleach, do not tumble dry, iron at low temp, professional cleaning recommended\r\nViscose/cotton\r\nImported", "thumb": "thumbs/1_zQOQI63.webp", "brand": 16, "category": 10, "gender": 2, "price": 540, "order_counter": 0, "images": [63, 64, 65, 66]}}, {"model": "shopapp.product", "pk": 18, "fields": {"name": "Albruna Button Down Linen Shirt", "description": "Gabriela Hearst \"Albruna\" shirt\r\nPoint collar; concealed button placket\r\nLong Sleeves; button cuffs\r\nBack yoke\r\nFitted\r\nCurved hem\r\nLinen\r\nMade in Italy", "thumb": "thumbs/1_SDD8Sth.webp", "brand": 17, "category": 3, "gender": 2, "price": 640, "order_counter": 0, "images": [67, 68, 69, 70]}}, {"model": "shopapp.product", "pk": 19, "fields": {"name": "Side-Slit Organic Linen Shirt", "description": "Eileen Fisher shirt in naturally-textured organic linen\r\nDyeing meets the bluesignо standard for chemical, water, and energy usage\r\nApprox. 29\"L from shoulders to hem\r\nPoint collar; button front\r\nShort sleeves\r\nBack inverted pleat\r\nHem side slits\r\nRelaxed fit\r\nOrganic linen\r\nMachine wash cold\r\nImported", "thumb": "thumbs/1_0Iz2gi7.webp", "brand": 18, "category": 3, "gender": 2, "price": 140, "order_counter": 0, "images": [71, 72, 73, 74]}}, {"model": "shopapp.product", "pk": 20, "fields": {"name": "Ruffle-Hem Short-Sleeve Mini Dress", "description": "Stella McCartney dress features a ruffle flounce hem\r\nRound neckline\r\nShort sleeves\r\nSheath silhouette\r\nMid-thigh length\r\nInvisible back zip\r\nViscose/acetate/elastane\r\nMade in Italy", "thumb": "thumbs/1_i6N0BXV.webp", "brand": 19, "category": 11, "gender": 2, "price": 540, "order_counter": 0, "images": [75, 76, 77, 78]}}, {"model": "shopapp.product", "pk": 21, "fields": {"name": "Boy's Johane Micro Check Polo Shirt", "description": "Burberry \"Johane\" polo shirt in signature vintage micro-check pattern with logo at back\r\nSpread collar; button placket\r\nShort sleeves\r\nStraight hem\r\nCotton/elastane\r\nImported", "thumb": "thumbs/1_kKscY1I.webp", "brand": 2, "category": 2, "gender": 3, "price": 240, "order_counter": 0, "images": [79, 80]}}, {"model": "shopapp.product", "pk": 22, "fields": {"name": "Girl's Pleated High-Low Dress", "description": "Un Deux Trois allover stretch dress with pleating\r\nJewel neckline\r\nSleeveless\r\nElasticated waist with jewels\r\nFit-and-flare silhouette\r\nHigh-low hemline\r\nPolyester/spandex\r\nLining: Polyester\r\nHand wash or dry clean\r\nMade in USA", "thumb": "thumbs/1_ZWYXBkF.webp", "brand": 20, "category": 11, "gender": 3, "price": 240, "order_counter": 0, "images": [81]}}, {"model": "shopapp.product", "pk": 23, "fields": {"name": "Girl's Printed Sweatshirt Dress", "description": "Fendi sweatshirt dress with teddy bear motifs and slogan prints\r\nPoint collar\r\nLong sleeves with banded cuffs \r\nHem falls above the knee\r\nBack snap closure \r\nCotton/elastane\r\nMachine wash cold\r\nMade in Italy", "thumb": "thumbs/1_hCzlfgv.webp", "brand": 21, "category": 11, "gender": 3, "price": 440, "order_counter": 0, "images": [82]}}, {"model": "shopapp.product", "pk": 24, "fields": {"name": "Boy's Distressed Light Wash Jeans", "description": "Amiri jeans with distressed details at front\r\nButtons/belt loops\r\nFive-pocket style\r\nSkinny legs\r\nCotton/elastane\r\nDry clean\r\nMade in USA", "thumb": "thumbs/1.jpg", "brand": 22, "category": 7, "gender": 3, "price": 540, "order_counter": 0, "images": [83, 84]}}, {"model": "shopapp.product", "pk": 25, "fields": {"name": "Boy's 4G Logo-Printed Short-Sleeve T-Shirt", "description": "Givenchy jersey t-shirt with front and back 4G logo prints \r\nCrew neckline\r\nShoulder snap closures \r\nShort sleeves\r\nPullover style\r\nCotton\r\nMachine wash cold\r\nImported", "thumb": "thumbs/1_7UDeNSG.webp", "brand": 23, "category": 8, "gender": 3, "price": 540, "order_counter": 0, "images": [85, 86]}}, {"model": "shopapp.product", "pk": 26, "fields": {"name": "Boy's Classic Oxford Shirt", "description": "Ralph Lauren Childrenswear classic oxford shirt with signature pony at chest\r\nCollared neckline\r\nShort sleeves\r\nFull button front\r\nCurved hem\r\nCotton\r\nImported", "thumb": "thumbs/1_UBeCOFh.webp", "brand": 24, "category": 3, "gender": 3, "price": 140, "order_counter": 0, "images": [87, 88, 89]}}, {"model": "shopapp.product", "pk": 27, "fields": {"name": "Boy's Void Returns Cargo Pants", "description": "Icecream \"Void Returns\" cargo pants with signature embroidered logo at front\r\nElasticized drawstring waistband; belt loops\r\nSide slip pockets\r\nFlap pockets at sides\r\nFlap pockets at back\r\nStraight legs\r\nFull length\r\nCotton\r\nHand wash\r\nImported", "thumb": "thumbs/1_TOYKqS8.webp", "brand": 25, "category": 1, "gender": 3, "price": 140, "order_counter": 0, "images": [90, 91]}}, {"model": "shopapp.product", "pk": 28, "fields": {"name": "Boy's Rocket Fuel Sweatpants", "description": "Billionaire Boys Club \"Rocket Fuel\" sweatpants with signature logo at front\r\nElasticized waistband\r\nSide welt pockets\r\nWelt pocket at back\r\nBanded cuffs\r\nRibbed trim\r\nFull length\r\nCotton/polyester\r\nHand wash\r\nImported", "thumb": "thumbs/1_SWWYlkb.webp", "brand": 26, "category": 1, "gender": 3, "price": 140, "order_counter": 0, "images": [92, 93]}}, {"model": "shopapp.product", "pk": 29, "fields": {"name": "Boy's Space Race Polo Shirt", "description": "Billionaire Boys Club \"Space Race\" multicolor striped polo shirt with embroidered signature logo\r\nCollared neckline\r\nShort sleeves\r\nButton placket\r\nStraight hem\r\nCotton\r\nHand wash\r\nImported", "thumb": "thumbs/1_yTkuDO3.webp", "brand": 26, "category": 2, "gender": 3, "price": 140, "order_counter": 0, "images": [94, 95]}}, {"model": "shopapp.product", "pk": 30, "fields": {"name": "Boy's Bandana Printed Hoodie", "description": "Amiri hoodie in bandana motif\r\nHooded neckline\r\nLong sleeves\r\nKangaroo pocket\r\nBanded cuffs and hem\r\nPolyester/cotton\r\nDry clean\r\nMade in Italy", "thumb": "thumbs/1_mQeEP5G.jpg", "brand": 22, "category": 12, "gender": 3, "price": 240, "order_counter": 0, "images": [96, 97]}}, {"model": "shopapp.product", "pk": 31, "fields": {"name": "Deco Madison Mid Two-Tone Diamond-Dial Watch", "description": "Deco Madison diamond watch by MICHELE.\r\nSeven-link bracelet strap with deployant closure.\r\nEasily interchangeable with any 16mm MICHELE strap.\r\n29 x 31mm rectangular golden and stainless steel case.\r\nWhite sunray dial with Roman numeral time markers.\r\n40 hand-set white diamonds at inner dial.\r\nRound date window at 6 o'clock index.\r\nThree-hand Swiss quartz movement.\r\n0.10 total diamond carat weight.\r\nWater resistant to 5 ATM.\r\nSapphire crystal window.\r\nImported.", "thumb": "thumbs/1_Abspfut.webp", "brand": 27, "category": 13, "gender": 4, "price": 2040, "order_counter": 0, "images": [98]}}, {"model": "shopapp.product", "pk": 32, "fields": {"name": "Lollitini Short Necklace in Sterling Silver", "description": "Ippolita \"Lollitini\" necklace from the Lollipopо Collection.\r\nSterling silver chain with 17 round-cut stone stations.\r\nApprox. 16\"L with 2\" extender.\r\nLobster clasp.", "thumb": "thumbs/1_vhGyxba.webp", "brand": 28, "category": 14, "gender": 4, "price": 540, "order_counter": 0, "images": [99, 100, 101, 102]}}, {"model": "shopapp.product", "pk": 33, "fields": {"name": "Lab Gown Diamond 18K White Gold Stud Earrings", "description": "Neiman Marcus Lab Grown Diamonds earrings\r\n18-karat white gold with a polished finish\r\nTwo round F-G lab-grown diamonds\r\n1.0 total diamond carat weight\r\nFor pierced ears\r\nImported", "thumb": "thumbs/1_ej9v7YE.webp", "brand": 29, "category": 15, "gender": 4, "price": 1040, "order_counter": 0, "images": [103, 104, 105, 106]}}, {"model": "shopapp.product", "pk": 34, "fields": {"name": "YSL Monogram Leather Belt", "description": "SAINT LAURENT's belt is made from supple yet structured leather that'll age beautifully. It's detailed with silver 'YSL' hardware to match the buckle. The narrow shape is perfect for threading through loops of jeans or tailored pants. It's been made in Italy from soft leather and cut in a slim width that'll work well with skinny jeans.\r\n \r\nSaint Laurent leather belt.\r\nMetal YSL monogram detail.\r\nApprox. 0.78\"W (2cm).\r\nGolden hardware.\r\nMade in Italy.", "thumb": "thumbs/1_3ILmDZi.webp", "brand": 30, "category": 16, "gender": 4, "price": 640, "order_counter": 0, "images": [107]}}, {"model": "shopapp.product", "pk": 35, "fields": {"name": "7-Link Stainless Steel Bracelet for Apple Watch, Gold/Silver", "description": "MICHELE watch strap for Apple Watchо.\r\nCompatible with: Series 1-9 or Apple Watchо Ultra 1-2.\r\nCannot be paired with a MICHELE watch head.\r\nGolden and stainless steel hardware.\r\nCustom fit for your 38/40/41mm and 42/44/45/49mm Apple Watchо.\r\nInterchangeable connector.\r\nMW logo at butterfly clasp.\r\nImported.", "thumb": "thumbs/1_3hcVguC.webp", "brand": 27, "category": 17, "gender": 4, "price": 540, "order_counter": 0, "images": [108, 109, 110, 111]}}, {"model": "shopapp.product", "pk": 36, "fields": {"name": "Blaze Acetate Cat-Eye Sunglasses", "description": "Saint Laurent \"Blaze\" cat-eye sunglasses in acetate\r\nLens/bridge/temple (in mm): 54-18-135\r\nSolid lenses\r\nSaddle nose bridge\r\nYSL logo on temples \r\nWide, tapered arms\r\n100% UVA/UVB protection\r\nMade in Italy", "thumb": "thumbs/1_qFVaJvf.webp", "brand": 30, "category": 18, "gender": 4, "price": 540, "order_counter": 0, "images": [112, 113, 114]}}, {"model": "shopapp.product", "pk": 37, "fields": {"name": "14k Diamond Happy Face Stud Earring, Single", "description": "Sydney Evan happy face earring.\r\n14-karat yellow gold hardware.\r\nHappy face with two diamonds.\r\n0.01 total diamond carat weight.\r\nPost back for pierced ears.\r\nSold individually.\r\nImported.", "thumb": "thumbs/1_pvAuqCq.webp", "brand": 31, "category": 15, "gender": 4, "price": 240, "order_counter": 0, "images": [115]}}, {"model": "shopapp.product", "pk": 38, "fields": {"name": "18K White Gold Diamond Double-Crisscross Ring", "description": "Roberto Coin 18-karat white gold ring.\r\nApprox. 15.46\" wide.\r\nDouble-split crisscross shank.\r\nProng-set diamonds across front.\r\n0.69 total diamond carat weight.\r\nRoberto Coin signature hidden 0.3-carat ruby.\r\nMade in Italy.", "thumb": "thumbs/1_UefEFoT.webp", "brand": 32, "category": 19, "gender": 4, "price": 3540, "order_counter": 0, "images": [116, 117, 118, 119]}}, {"model": "shopapp.product", "pk": 39, "fields": {"name": "YSL Monogram Phone Holder Crossbody Bag in Leather", "description": "Do you never leave your house without? If a phone is your answer, this Monogram phone holder from Saint Laurent is made just for you. Constructed from supple leather, this phone holder will keep your phone protected in style. All you need is endless wifi.\r\n \r\nSaint Laurent monogrammed calf leather phone holder bag.\r\nChain and leather shoulder strap, 19.3\" drop.\r\nCan be worn on the shoulder or across the body.\r\nFlap top with YSL logo medallion; snap closure.\r\nExterior, one slip pocket at back.\r\nGolden hardware\r\nInterior, one main compartment.\r\n100% calf leather.\r\nApprox. 4.3\"H x 7\"W x 0.9\"D.\r\nMade in Italy.", "thumb": "thumbs/nm_3684360_100106_m.webp", "brand": 30, "category": 20, "gender": 4, "price": 740, "order_counter": 0, "images": [120, 121, 122, 123]}}, {"model": "shopapp.product", "pk": 40, "fields": {"name": "Jade Aventurine Stretch Bracelet", "description": "Ships from vendor.\r\nNEST Jewelry stretch bracelet\r\n22-karat gold-plated brass logo spacer\r\nJade Aventurine gemstones\r\nMade in USA from imported materials", "thumb": "thumbs/1_TpsVAyz.webp", "brand": 33, "category": 17, "gender": 4, "price": 240, "order_counter": 0, "images": [124, 125, 126, 127]}}, {"model": "shopapp.productimage", "pk": 1, "fields": {"image": "products/1.webp"}}, {"model": "shopapp.productimage", "pk": 2, "fields": {"image": "products/2.webp"}}, {"model": "shopapp.productimage", "pk": 3, "fields": {"image": "products/3.webp"}}, {"model": "shopapp.productimage", "pk": 4, "fields": {"image": "products/4.webp"}}, {"model": "shopapp.productimage", "pk": 5, "fields": {"image": "products/2_vQNl2NI.webp"}}, {"model": "shopapp.productimage", "pk": 6, "fields": {"image": "products/3_Lhsitgo.webp"}}, {"model": "shopapp.productimage", "pk": 7, "fields": {"image": "products/4_rMWNLQw.webp"}}, {"model": "shopapp.productimage", "pk": 8, "fields": {"image": "products/5.webp"}}, {"model": "shopapp.productimage", "pk": 9, "fields": {"image": "products/2_jMqj9Kz.webp"}}, {"model": "shopapp.productimage", "pk": 10, "fields": {"image": "products/3_0SoZZru.webp"}}, {"model": "shopapp.productimage", "pk": 11, "fields": {"image": "products/4_BjhUQxP.webp"}}, {"model": "shopapp.productimage", "pk": 12, "fields": {"image": "products/5_3uiQyJ7.webp"}}, {"model": "shopapp.productimage", "pk": 13, "fields": {"image": "products/2_Q9f6tJx.webp"}}, {"model": "shopapp.productimage", "pk": 14, "fields": {"image": "products/3_o1LlBXk.webp"}}, {"model": "shopapp.productimage", "pk": 15, "fields": {"image": "products/4_aNEf5MR.webp"}}, {"model": "shopapp.productimage", "pk": 16, "fields": {"image": "products/5_FtM3Xcx.webp"}}, {"model": "shopapp.productimage", "pk": 17, "fields": {"image": "products/2.jpg"}}, {"model": "shopapp.productimage", "pk": 18, "fields": {"image": "products/3_Q7WbreS.webp"}}, {"model": "shopapp.productimage", "pk": 19, "fields": {"image": "products/4.jpg"}}, {"model": "shopapp.productimage", "pk": 20, "fields": {"image": "products/5_5IPQ2fW.webp"}}, {"model": "shopapp.productimage", "pk": 21, "fields": {"image": "products/2_PL5e6xG.webp"}}, {"model": "shopapp.productimage", "pk": 22, "fields": {"image": "products/3_ZOW4IWu.webp"}}, {"model": "shopapp.productimage", "pk": 23, "fields": {"image": "products/4_UeUcCzW.webp"}}, {"model": "shopapp.productimage", "pk": 24, "fields": {"image": "products/5_PZZsRtG.webp"}}, {"model": "shopapp.productimage", "pk": 25, "fields": {"image": "products/2_v8iUMfw.webp"}}, {"model": "shopapp.productimage", "pk": 26, "fields": {"image": "products/3_QUhFoBK.webp"}}, {"model": "shopapp.productimage", "pk": 27, "fields": {"image": "products/4_1h70Mql.webp"}}, {"model": "shopapp.productimage", "pk": 28, "fields": {"image": "products/5_6gEPueP.webp"}}, {"model": "shopapp.productimage", "pk": 29, "fields": {"image": "products/2_87GO6Wu.webp"}}, {"model": "shopapp.productimage", "pk": 30, "fields": {"image": "products/3_zJuCi8a.webp"}}, {"model": "shopapp.productimage", "pk": 31, "fields": {"image": "products/4_bHxh93f.webp"}}, {"model": "shopapp.productimage", "pk": 32, "fields": {"image": "products/2_2Xf0ULn.jpg"}}, {"model": "shopapp.productimage", "pk": 33, "fields": {"image": "products/3_32yFM4V.webp"}}, {"model": "shopapp.productimage", "pk": 34, "fields": {"image": "products/4_xu29Jgi.webp"}}, {"model": "shopapp.productimage", "pk": 35, "fields": {"image": "products/5_BVxrrXI.webp"}}, {"model": "shopapp.productimage", "pk": 36, "fields": {"image": "products/2_7WVW8Gs.webp"}}, {"model": "shopapp.productimage", "pk": 37, "fields": {"image": "products/3_WGjhXZJ.webp"}}, {"model": "shopapp.productimage", "pk": 38, "fields": {"image": "products/4_rO9CdSE.webp"}}, {"model": "shopapp.productimage", "pk": 39, "fields": {"image": "products/5_amdhxrO.webp"}}, {"model": "shopapp.productimage", "pk": 40, "fields": {"image": "products/2_NGh5zuT.webp"}}, {"model": "shopapp.productimage", "pk": 41, "fields": {"image": "products/3_uq489C1.webp"}}, {"model": "shopapp.productimage", "pk": 42, "fields": {"image": "products/4_P2U6zek.webp"}}, {"model": "shopapp.productimage", "pk": 43, "fields": {"image": "products/5_QdOeCfP.webp"}}, {"model": "shopapp.productimage", "pk": 44, "fields": {"image": "products/2_YghQBKk.webp"}}, {"model": "shopapp.productimage", "pk": 45, "fields": {"image": "products/3_zjuTYp4.webp"}}, {"model": "shopapp.productimage", "pk": 46, "fields": {"image": "products/4_jTopdp6.jpg"}}, {"model": "shopapp.productimage", "pk": 47, "fields": {"image": "products/2_Y0p0b9a.webp"}}, {"model": "shopapp.productimage", "pk": 48, "fields": {"image": "products/3_s8Xwbx3.webp"}}, {"model": "shopapp.productimage", "pk": 49, "fields": {"image": "products/4_6Am32O2.webp"}}, {"model": "shopapp.productimage", "pk": 50, "fields": {"image": "products/5_uhgGmR7.webp"}}, {"model": "shopapp.productimage", "pk": 51, "fields": {"image": "products/2_Z4vzIqB.webp"}}, {"model": "shopapp.productimage", "pk": 52, "fields": {"image": "products/3_3o0a0g3.webp"}}, {"model": "shopapp.productimage", "pk": 53, "fields": {"image": "products/4_lCv8TmW.webp"}}, {"model": "shopapp.productimage", "pk": 54, "fields": {"image": "products/5_o025Zpk.webp"}}, {"model": "shopapp.productimage", "pk": 55, "fields": {"image": "products/2_Qnedqwv.jpg"}}, {"model": "shopapp.productimage", "pk": 56, "fields": {"image": "products/3_sNQYb0M.webp"}}, {"model": "shopapp.productimage", "pk": 57, "fields": {"image": "products/4_Zjzclg9.webp"}}, {"model": "shopapp.productimage", "pk": 58, "fields": {"image": "products/5_mSzaWYC.webp"}}, {"model": "shopapp.productimage", "pk": 59, "fields": {"image": "products/2_xi6ue9O.webp"}}, {"model": "shopapp.productimage", "pk": 60, "fields": {"image": "products/3_K2b6qkW.webp"}}, {"model": "shopapp.productimage", "pk": 61, "fields": {"image": "products/4_MuASxhb.webp"}}, {"model": "shopapp.productimage", "pk": 62, "fields": {"image": "products/5_aDWINS6.webp"}}, {"model": "shopapp.productimage", "pk": 63, "fields": {"image": "products/nm_4666893_100106_a.webp"}}, {"model": "shopapp.productimage", "pk": 64, "fields": {"image": "products/3_peULt3I.webp"}}, {"model": "shopapp.productimage", "pk": 65, "fields": {"image": "products/4_2dBB0t0.webp"}}, {"model": "shopapp.productimage", "pk": 66, "fields": {"image": "products/5_DCjLja3.webp"}}, {"model": "shopapp.productimage", "pk": 67, "fields": {"image": "products/2_Pi51ydz.webp"}}, {"model": "shopapp.productimage", "pk": 68, "fields": {"image": "products/3_V3Nb6ze.webp"}}, {"model": "shopapp.productimage", "pk": 69, "fields": {"image": "products/4_Jjs0I7J.webp"}}, {"model": "shopapp.productimage", "pk": 70, "fields": {"image": "products/5_7npz1iV.webp"}}, {"model": "shopapp.productimage", "pk": 71, "fields": {"image": "products/2_OJc7pFp.webp"}}, {"model": "shopapp.productimage", "pk": 72, "fields": {"image": "products/3_RJBYvKH.webp"}}, {"model": "shopapp.productimage", "pk": 73, "fields": {"image": "products/4_iVjBPV1.webp"}}, {"model": "shopapp.productimage", "pk": 74, "fields": {"image": "products/5_KuBoYGx.webp"}}, {"model": "shopapp.productimage", "pk": 75, "fields": {"image": "products/2_bRKD5SR.webp"}}, {"model": "shopapp.productimage", "pk": 76, "fields": {"image": "products/3_0v7rd10.webp"}}, {"model": "shopapp.productimage", "pk": 77, "fields": {"image": "products/4_jtgQdLH.webp"}}, {"model": "shopapp.productimage", "pk": 78, "fields": {"image": "products/5_RB0QAZL.webp"}}, {"model": "shopapp.productimage", "pk": 79, "fields": {"image": "products/2_S7wVSAk.webp"}}, {"model": "shopapp.productimage", "pk": 80, "fields": {"image": "products/3_Fszk3Yj.webp"}}, {"model": "shopapp.productimage", "pk": 81, "fields": {"image": "products/2_bWZuYW3.webp"}}, {"model": "shopapp.productimage", "pk": 82, "fields": {"image": "products/2_xpjU8mn.webp"}}, {"model": "shopapp.productimage", "pk": 83, "fields": {"image": "products/2_px798k7.jpg"}}, {"model": "shopapp.productimage", "pk": 84, "fields": {"image": "products/3.jpg"}}, {"model": "shopapp.productimage", "pk": 85, "fields": {"image": "products/2_YsoWhu3.webp"}}, {"model": "shopapp.productimage", "pk": 86, "fields": {"image": "products/3_3DXowtr.webp"}}, {"model": "shopapp.productimage", "pk": 87, "fields": {"image": "products/2_AfOJg2K.webp"}}, {"model": "shopapp.productimage", "pk": 88, "fields": {"image": "products/3_VOJIYf9.webp"}}, {"model": "shopapp.productimage", "pk": 89, "fields": {"image": "products/4_XdBKaty.webp"}}, {"model": "shopapp.productimage", "pk": 90, "fields": {"image": "products/2_CrcZtcH.webp"}}, {"model": "shopapp.productimage", "pk": 91, "fields": {"image": "products/3_puIumCX.jpg"}}, {"model": "shopapp.productimage", "pk": 92, "fields": {"image": "products/2_RwnA9tg.webp"}}, {"model": "shopapp.productimage", "pk": 93, "fields": {"image": "products/3_sNAd26z.jpg"}}, {"model": "shopapp.productimage", "pk": 94, "fields": {"image": "products/2_YVCs0mK.webp"}}, {"model": "shopapp.productimage", "pk": 95, "fields": {"image": "products/3_wKXdsSg.jpg"}}, {"model": "shopapp.productimage", "pk": 96, "fields": {"image": "products/2_dpKY88m.jpg"}}, {"model": "shopapp.productimage", "pk": 97, "fields": {"image": "products/3_WIdz6xC.jpg"}}, {"model": "shopapp.productimage", "pk": 98, "fields": {"image": "products/2_o7odzLR.webp"}}, {"model": "shopapp.productimage", "pk": 99, "fields": {"image": "products/2_mDy8WEC.jpg"}}, {"model": "shopapp.productimage", "pk": 100, "fields": {"image": "products/3_jG0ctOu.webp"}}, {"model": "shopapp.productimage", "pk": 101, "fields": {"image": "products/4_XeWMjk7.webp"}}, {"model": "shopapp.productimage", "pk": 102, "fields": {"image": "products/5.jpg"}}, {"model": "shopapp.productimage", "pk": 103, "fields": {"image": "products/2_GiUgXg2.webp"}}, {"model": "shopapp.productimage", "pk": 104, "fields": {"image": "products/3_YsYGwtx.webp"}}, {"model": "shopapp.productimage", "pk": 105, "fields": {"image": "products/4_vmKD8f6.webp"}}, {"model": "shopapp.productimage", "pk": 106, "fields": {"image": "products/5_C9F4GGf.webp"}}, {"model": "shopapp.productimage", "pk": 107, "fields": {"image": "products/2_RTYNLhR.jpg"}}, {"model": "shopapp.productimage", "pk": 108, "fields": {"image": "products/2_CchfBYC.webp"}}, {"model": "shopapp.productimage", "pk": 109, "fields": {"image": "products/3_wd2eecd.webp"}}, {"model": "shopapp.productimage", "pk": 110, "fields": {"image": "products/4_ik8wHvW.webp"}}, {"model": "shopapp.productimage", "pk": 111, "fields": {"image": "products/5_2XXryqj.webp"}}, {"model": "shopapp.productimage", "pk": 112, "fields": {"image": "products/2_ppJabxl.webp"}}, {"model": "shopapp.productimage", "pk": 113, "fields": {"image": "products/3_8CtwcSE.webp"}}, {"model": "shopapp.productimage", "pk": 114, "fields": {"image": "products/4_VQuQEoG.webp"}}, {"model": "shopapp.productimage", "pk": 115, "fields": {"image": "products/2_HRr7MA9.webp"}}, {"model": "shopapp.productimage", "pk": 116, "fields": {"image": "products/2_AFSC4lQ.webp"}}, {"model": "shopapp.productimage", "pk": 117, "fields": {"image": "products/3_OyS1toW.webp"}}, {"model": "shopapp.productimage", "pk": 118, "fields": {"image": "products/4_te5nOZW.webp"}}, {"model": "shopapp.productimage", "pk": 119, "fields": {"image": "products/5_kocZy52.webp"}}, {"model": "shopapp.productimage", "pk": 120, "fields": {"image": "products/2_J55CTZG.webp"}}, {"model": "shopapp.productimage", "pk": 121, "fields": {"image": "products/3_oSJFsAJ.jpg"}}, {"model": "shopapp.productimage", "pk": 122, "fields": {"image": "products/4_Qeyaehi.webp"}}, {"model": "shopapp.productimage", "pk": 123, "fields": {"image": "products/5_mj4kA1t.webp"}}, {"model": "shopapp.productimage", "pk": 124, "fields": {"image": "products/2_yuUfYMn.jpg"}}, {"model": "shopapp.productimage", "pk": 125, "fields": {"image": "products/3_X2pakSL.webp"}}, {"model": "shopapp.productimage", "pk": 126, "fields": {"image": "products/4_VjlHkFG.webp"}}, {"model": "shopapp.productimage", "pk": 127, "fields": {"image": "products/5_ni3i2lP.webp"}}, {"model": "shopapp.orderitem", "pk": 1, "fields": {"product": 1, "quantity": 3, "total": 1608}}, {"model": "shopapp.orderitem", "pk": 2, "fields": {"product": 33, "quantity": 1, "total": 1040}}, {"model": "shopapp.orderitem", "pk": 3, "fields": {"product": 2, "quantity": 1, "total": 540}}, {"model": "shopapp.orderitem", "pk": 4, "fields": {"product": 1, "quantity": 1, "total": 536}}, {"model": "shopapp.orderitem", "pk": 5, "fields": {"product": 3, "quantity": 1, "total": 540}}, {"model": "shopapp.orderitem", "pk": 6, "fields": {"product": 10, "quantity": 1, "total": 240}}, {"model": "shopapp.orderitem", "pk": 7, "fields": {"product": 15, "quantity": 1, "total": 240}}, {"model": "shopapp.orderitem", "pk": 8, "fields": {"product": 22, "quantity": 1, "total": 240}}, {"model": "shopapp.orderitem", "pk": 9, "fields": {"product": 2, "quantity": 1, "total": 540}}, {"model": "shopapp.order", "pk": 1, "fields": {"customer": 1, "total": 1576, "datetime": "2024-04-13T06:25:04Z", "status": "Accepted", "items": [1]}}, {"model": "shopapp.order", "pk": 2, "fields": {"customer": 1, "total": 1576, "datetime": "2024-04-13T06:29:56.410Z", "status": "Accepted", "items": [1, 2]}}, {"model": "shopapp.order", "pk": 3, "fields": {"customer": 4, "total": 1616, "datetime": "2024-04-26T05:06:04.741Z", "status": "Accepted", "items": [3, 4, 5]}}, {"model": "shopapp.order", "pk": 4, "fields": {"customer": 6, "total": 720, "datetime": "2024-04-29T16:43:09.413Z", "status": "Accepted", "items": [6, 7, 8]}}, {"model": "shopapp.order", "pk": 5, "fields": {"customer": 7, "total": 540, "datetime": "2024-04-29T16:43:09.413Z", "status": "Accepted", "items": [9]}}]
